,framed,round_nr,gamma,PU,QL,q,min_q
26,0.0,70.0,2.7,0.4550952531705342,0.09980062004758265,0.11474681173886249,True
138,1.0,70.0,1.9000000000000001,0.4573849778267212,0.13502115262784184,0.0034006950442902186,True
,framed,round_nr,gamma,PU,QL,q,min_q
26,0.0,70.0,2.7,0.4550952531705342,0.09980062004758265,0.11474681173886249,True
138,1.0,70.0,1.9000000000000001,0.4573849778267212,0.13502115262784184,0.0034006950442902186,True
