,framed,round_nr,alpha,beta,PU,QL,q,min_q
29029,0.0,1.0,0.0,0.029,0.40132915242990913,0.6057205537469859,0.04473960317926561,True
,framed,round_nr,alpha,beta,PU,QL,q,min_q
29029,0.0,1.0,0.0,0.029,0.40132915242990913,0.6057205537469859,0.04473960317926561,True
