,framed,round_nr,alpha,beta,PU,QL,q,min_q
257257,0.0,1.0,0.0,0.257,0.42750340959740235,0.6003160587585584,0.018021072080306476,True
,framed,round_nr,alpha,beta,PU,QL,q,min_q
257257,0.0,1.0,0.0,0.257,0.42750340959740235,0.6003160587585584,0.018021072080306476,True
