,framed,round_nr,alpha,beta,PU,QL,q,min_q
42096,0.0,1.0,0.054,0.042,0.1612425640808469,0.7930550914980653,0.03675747720428875,True
,framed,round_nr,alpha,beta,PU,QL,q,min_q
42096,0.0,1.0,0.054,0.042,0.1612425640808469,0.7930550914980653,0.03675747720428875,True
