,framed,round_nr,alpha,beta,PU,QL,q,min_q
27026,0.0,1.0,1.0,0.026000000000000002,0.2900795786409723,0.7348410413801193,0.004241007777695436,True
,framed,round_nr,alpha,beta,PU,QL,q,min_q
27026,0.0,1.0,1.0,0.026000000000000002,0.2900795786409723,0.7348410413801193,0.004241007777695436,True
