,framed,round_nr,alpha,beta,PU,QL,q,min_q
170482,0.0,1.0,0.312,0.17,0.08785164067701944,0.6903263064678635,0.008857653108246828,True
,framed,round_nr,alpha,beta,PU,QL,q,min_q
170482,0.0,1.0,0.312,0.17,0.08785164067701944,0.6903263064678635,0.008857653108246828,True
