,framed,round_nr,alpha,beta,PU,QL,q,min_q
71294,0.0,1.0,0.223,0.07100000000000001,0.06624602933118705,0.6897432880372012,0.012756553956801387,True
,framed,round_nr,alpha,beta,PU,QL,q,min_q
71294,0.0,1.0,0.223,0.07100000000000001,0.06624602933118705,0.6897432880372012,0.012756553956801387,True
