framed,round_nr,PU,QL
0,70,0.340659341,0.108241758
1,70,0.460714286,0.135714286